query,case,system,run,seconds,rows,min_votes,note
q1_shortest_path,q1_distanza_1,postgresql,1,0.002181,1,10000,
q1_shortest_path,q1_distanza_1,neo4j,1,0.000931,1,10000,
q1_shortest_path,q1_distanza_1,postgresql,2,0.001889,1,10000,
q1_shortest_path,q1_distanza_1,neo4j,2,0.000805,1,10000,
q1_shortest_path,q1_distanza_1,postgresql,3,0.002012,1,10000,
q1_shortest_path,q1_distanza_1,neo4j,3,0.000857,1,10000,
q1_shortest_path,q1_distanza_1,postgresql,4,0.001878,1,10000,
q1_shortest_path,q1_distanza_1,neo4j,4,0.000685,1,10000,
q1_shortest_path,q1_distanza_1,postgresql,5,0.001692,1,10000,
q1_shortest_path,q1_distanza_1,neo4j,5,0.000757,1,10000,
q1_shortest_path,q1_distanza_1,postgresql,6,0.001802,1,10000,
q1_shortest_path,q1_distanza_1,neo4j,6,0.000708,1,10000,
q1_shortest_path,q1_distanza_1,postgresql,7,0.001658,1,10000,
q1_shortest_path,q1_distanza_1,neo4j,7,0.000734,1,10000,
q1_shortest_path,q1_distanza_1,postgresql,8,0.001802,1,10000,
q1_shortest_path,q1_distanza_1,neo4j,8,0.000690,1,10000,
q1_shortest_path,q1_distanza_1,postgresql,9,0.001692,1,10000,
q1_shortest_path,q1_distanza_1,neo4j,9,0.001430,1,10000,
q1_shortest_path,q1_distanza_1,postgresql,10,0.001726,1,10000,
q1_shortest_path,q1_distanza_1,neo4j,10,0.000749,1,10000,
q1_shortest_path,q1_distanza_2,postgresql,1,0.245060,1,10000,
q1_shortest_path,q1_distanza_2,neo4j,1,0.002372,1,10000,
q1_shortest_path,q1_distanza_2,postgresql,2,0.242015,1,10000,
q1_shortest_path,q1_distanza_2,neo4j,2,0.001268,1,10000,
q1_shortest_path,q1_distanza_2,postgresql,3,0.245408,1,10000,
q1_shortest_path,q1_distanza_2,neo4j,3,0.002127,1,10000,
q1_shortest_path,q1_distanza_2,postgresql,4,0.244165,1,10000,
q1_shortest_path,q1_distanza_2,neo4j,4,0.001447,1,10000,
q1_shortest_path,q1_distanza_2,postgresql,5,0.243207,1,10000,
q1_shortest_path,q1_distanza_2,neo4j,5,0.001819,1,10000,
q1_shortest_path,q1_distanza_2,postgresql,6,0.242952,1,10000,
q1_shortest_path,q1_distanza_2,neo4j,6,0.001406,1,10000,
q1_shortest_path,q1_distanza_2,postgresql,7,0.249870,1,10000,
q1_shortest_path,q1_distanza_2,neo4j,7,0.002379,1,10000,
q1_shortest_path,q1_distanza_2,postgresql,8,0.245491,1,10000,
q1_shortest_path,q1_distanza_2,neo4j,8,0.001670,1,10000,
q1_shortest_path,q1_distanza_2,postgresql,9,0.244437,1,10000,
q1_shortest_path,q1_distanza_2,neo4j,9,0.003166,1,10000,
q1_shortest_path,q1_distanza_2,postgresql,10,0.241757,1,10000,
q1_shortest_path,q1_distanza_2,neo4j,10,0.001477,1,10000,
q1_shortest_path,q1_distanza_3,postgresql,1,9.919830,1,10000,
q1_shortest_path,q1_distanza_3,neo4j,1,0.002733,1,10000,
q1_shortest_path,q1_distanza_3,postgresql,2,0.230877,1,10000,
q1_shortest_path,q1_distanza_3,neo4j,2,0.001557,1,10000,
q1_shortest_path,q1_distanza_3,postgresql,3,0.230287,1,10000,
q1_shortest_path,q1_distanza_3,neo4j,3,0.002298,1,10000,
q1_shortest_path,q1_distanza_3,postgresql,4,0.235946,1,10000,
q1_shortest_path,q1_distanza_3,neo4j,4,0.001598,1,10000,
q1_shortest_path,q1_distanza_3,postgresql,5,0.230250,1,10000,
q1_shortest_path,q1_distanza_3,neo4j,5,0.001836,1,10000,
q1_shortest_path,q1_distanza_3,postgresql,6,0.249042,1,10000,
q1_shortest_path,q1_distanza_3,neo4j,6,0.001501,1,10000,
q1_shortest_path,q1_distanza_3,postgresql,7,0.228718,1,10000,
q1_shortest_path,q1_distanza_3,neo4j,7,0.002312,1,10000,
q1_shortest_path,q1_distanza_3,postgresql,8,0.231791,1,10000,
q1_shortest_path,q1_distanza_3,neo4j,8,0.001232,1,10000,
q1_shortest_path,q1_distanza_3,postgresql,9,0.231481,1,10000,
q1_shortest_path,q1_distanza_3,neo4j,9,0.002895,1,10000,
q1_shortest_path,q1_distanza_3,postgresql,10,0.233637,1,10000,
q1_shortest_path,q1_distanza_3,neo4j,10,0.001379,1,10000,
q1_shortest_path,q1_distanza_4,postgresql,1,0.608466,1,10000,
q1_shortest_path,q1_distanza_4,neo4j,1,0.002538,1,10000,
q1_shortest_path,q1_distanza_4,postgresql,2,0.610205,1,10000,
q1_shortest_path,q1_distanza_4,neo4j,2,0.001683,1,10000,
q1_shortest_path,q1_distanza_4,postgresql,3,0.611202,1,10000,
q1_shortest_path,q1_distanza_4,neo4j,3,0.002262,1,10000,
q1_shortest_path,q1_distanza_4,postgresql,4,0.609608,1,10000,
q1_shortest_path,q1_distanza_4,neo4j,4,0.001468,1,10000,
q1_shortest_path,q1_distanza_4,postgresql,5,0.614877,1,10000,
q1_shortest_path,q1_distanza_4,neo4j,5,0.002259,1,10000,
q1_shortest_path,q1_distanza_4,postgresql,6,0.607022,1,10000,
q1_shortest_path,q1_distanza_4,neo4j,6,0.001402,1,10000,
q1_shortest_path,q1_distanza_4,postgresql,7,0.613802,1,10000,
q1_shortest_path,q1_distanza_4,neo4j,7,0.002467,1,10000,
q1_shortest_path,q1_distanza_4,postgresql,8,0.617252,1,10000,
q1_shortest_path,q1_distanza_4,neo4j,8,0.001643,1,10000,
q1_shortest_path,q1_distanza_4,postgresql,9,0.609999,1,10000,
q1_shortest_path,q1_distanza_4,neo4j,9,0.002865,1,10000,
q1_shortest_path,q1_distanza_4,postgresql,10,0.614782,1,10000,
q1_shortest_path,q1_distanza_4,neo4j,10,0.001249,1,10000,
q2_most_connected,q2_most_connected,postgresql,1,0.752010,10,10000,
q2_most_connected,q2_most_connected,neo4j,1,0.176262,10,10000,
q2_most_connected,q2_most_connected,postgresql,2,0.746690,10,10000,
q2_most_connected,q2_most_connected,neo4j,2,0.204820,10,10000,
q2_most_connected,q2_most_connected,postgresql,3,0.739850,10,10000,
q2_most_connected,q2_most_connected,neo4j,3,0.186542,10,10000,
q2_most_connected,q2_most_connected,postgresql,4,0.751636,10,10000,
q2_most_connected,q2_most_connected,neo4j,4,0.190806,10,10000,
q2_most_connected,q2_most_connected,postgresql,5,0.735086,10,10000,
q2_most_connected,q2_most_connected,neo4j,5,0.204646,10,10000,
q2_most_connected,q2_most_connected,postgresql,6,0.740588,10,10000,
q2_most_connected,q2_most_connected,neo4j,6,0.202893,10,10000,
q2_most_connected,q2_most_connected,postgresql,7,0.736630,10,10000,
q2_most_connected,q2_most_connected,neo4j,7,0.191232,10,10000,
q2_most_connected,q2_most_connected,postgresql,8,0.741949,10,10000,
q2_most_connected,q2_most_connected,neo4j,8,0.188835,10,10000,
q2_most_connected,q2_most_connected,postgresql,9,0.753753,10,10000,
q2_most_connected,q2_most_connected,neo4j,9,0.204276,10,10000,
q2_most_connected,q2_most_connected,postgresql,10,0.747684,10,10000,
q2_most_connected,q2_most_connected,neo4j,10,0.204460,10,10000,
q3_genre_by_decade,q3_genre_by_decade,postgresql,1,0.003692,10,10000,
q3_genre_by_decade,q3_genre_by_decade,neo4j,1,0.007355,10,10000,
q3_genre_by_decade,q3_genre_by_decade,postgresql,2,0.003559,10,10000,
q3_genre_by_decade,q3_genre_by_decade,neo4j,2,0.006852,10,10000,
q3_genre_by_decade,q3_genre_by_decade,postgresql,3,0.003381,10,10000,
q3_genre_by_decade,q3_genre_by_decade,neo4j,3,0.007303,10,10000,
q3_genre_by_decade,q3_genre_by_decade,postgresql,4,0.003487,10,10000,
q3_genre_by_decade,q3_genre_by_decade,neo4j,4,0.006664,10,10000,
q3_genre_by_decade,q3_genre_by_decade,postgresql,5,0.003345,10,10000,
q3_genre_by_decade,q3_genre_by_decade,neo4j,5,0.007617,10,10000,
q3_genre_by_decade,q3_genre_by_decade,postgresql,6,0.003535,10,10000,
q3_genre_by_decade,q3_genre_by_decade,neo4j,6,0.007129,10,10000,
q3_genre_by_decade,q3_genre_by_decade,postgresql,7,0.003292,10,10000,
q3_genre_by_decade,q3_genre_by_decade,neo4j,7,0.007369,10,10000,
q3_genre_by_decade,q3_genre_by_decade,postgresql,8,0.003335,10,10000,
q3_genre_by_decade,q3_genre_by_decade,neo4j,8,0.006840,10,10000,
q3_genre_by_decade,q3_genre_by_decade,postgresql,9,0.003266,10,10000,
q3_genre_by_decade,q3_genre_by_decade,neo4j,9,0.007235,10,10000,
q3_genre_by_decade,q3_genre_by_decade,postgresql,10,0.003453,10,10000,
q3_genre_by_decade,q3_genre_by_decade,neo4j,10,0.007194,10,10000,
q4_recommendations,q4_recommendations,postgresql,1,0.001707,10,10000,
q4_recommendations,q4_recommendations,neo4j,1,0.001704,10,10000,
q4_recommendations,q4_recommendations,postgresql,2,0.001610,10,10000,
q4_recommendations,q4_recommendations,neo4j,2,0.001346,10,10000,
q4_recommendations,q4_recommendations,postgresql,3,0.001464,10,10000,
q4_recommendations,q4_recommendations,neo4j,3,0.001561,10,10000,
q4_recommendations,q4_recommendations,postgresql,4,0.001476,10,10000,
q4_recommendations,q4_recommendations,neo4j,4,0.001137,10,10000,
q4_recommendations,q4_recommendations,postgresql,5,0.001419,10,10000,
q4_recommendations,q4_recommendations,neo4j,5,0.001326,10,10000,
q4_recommendations,q4_recommendations,postgresql,6,0.001449,10,10000,
q4_recommendations,q4_recommendations,neo4j,6,0.001072,10,10000,
q4_recommendations,q4_recommendations,postgresql,7,0.001492,10,10000,
q4_recommendations,q4_recommendations,neo4j,7,0.001875,10,10000,
q4_recommendations,q4_recommendations,postgresql,8,0.001401,10,10000,
q4_recommendations,q4_recommendations,neo4j,8,0.001721,10,10000,
q4_recommendations,q4_recommendations,postgresql,9,0.001427,10,10000,
q4_recommendations,q4_recommendations,neo4j,9,0.001784,10,10000,
q4_recommendations,q4_recommendations,postgresql,10,0.001444,10,10000,
q4_recommendations,q4_recommendations,neo4j,10,0.001505,10,10000,
q1_shortest_path,q1_distanza_1,postgresql,1,0.001734,1,1000,
q1_shortest_path,q1_distanza_1,neo4j,1,0.001228,1,1000,
q1_shortest_path,q1_distanza_1,postgresql,2,0.001081,1,1000,
q1_shortest_path,q1_distanza_1,neo4j,2,0.000835,1,1000,
q1_shortest_path,q1_distanza_1,postgresql,3,0.000662,1,1000,
q1_shortest_path,q1_distanza_1,neo4j,3,0.000829,1,1000,
q1_shortest_path,q1_distanza_1,postgresql,4,0.000693,1,1000,
q1_shortest_path,q1_distanza_1,neo4j,4,0.000628,1,1000,
q1_shortest_path,q1_distanza_1,postgresql,5,0.000632,1,1000,
q1_shortest_path,q1_distanza_1,neo4j,5,0.000642,1,1000,
q1_shortest_path,q1_distanza_1,postgresql,6,0.000651,1,1000,
q1_shortest_path,q1_distanza_1,neo4j,6,0.000685,1,1000,
q1_shortest_path,q1_distanza_1,postgresql,7,0.000637,1,1000,
q1_shortest_path,q1_distanza_1,neo4j,7,0.000577,1,1000,
q1_shortest_path,q1_distanza_1,postgresql,8,0.000569,1,1000,
q1_shortest_path,q1_distanza_1,neo4j,8,0.000560,1,1000,
q1_shortest_path,q1_distanza_1,postgresql,9,0.000568,1,1000,
q1_shortest_path,q1_distanza_1,neo4j,9,0.000638,1,1000,
q1_shortest_path,q1_distanza_1,postgresql,10,0.000665,1,1000,
q1_shortest_path,q1_distanza_1,neo4j,10,0.000573,1,1000,
q1_shortest_path,q1_distanza_2,postgresql,1,0.027872,1,1000,
q1_shortest_path,q1_distanza_2,neo4j,1,0.001199,1,1000,
q1_shortest_path,q1_distanza_2,postgresql,2,0.027950,1,1000,
q1_shortest_path,q1_distanza_2,neo4j,2,0.000705,1,1000,
q1_shortest_path,q1_distanza_2,postgresql,3,0.027532,1,1000,
q1_shortest_path,q1_distanza_2,neo4j,3,0.001667,1,1000,
q1_shortest_path,q1_distanza_2,postgresql,4,0.027493,1,1000,
q1_shortest_path,q1_distanza_2,neo4j,4,0.000934,1,1000,
q1_shortest_path,q1_distanza_2,postgresql,5,0.027270,1,1000,
q1_shortest_path,q1_distanza_2,neo4j,5,0.001453,1,1000,
q1_shortest_path,q1_distanza_2,postgresql,6,0.028576,1,1000,
q1_shortest_path,q1_distanza_2,neo4j,6,0.001108,1,1000,
q1_shortest_path,q1_distanza_2,postgresql,7,0.027464,1,1000,
q1_shortest_path,q1_distanza_2,neo4j,7,0.002059,1,1000,
q1_shortest_path,q1_distanza_2,postgresql,8,0.027191,1,1000,
q1_shortest_path,q1_distanza_2,neo4j,8,0.001454,1,1000,
q1_shortest_path,q1_distanza_2,postgresql,9,0.027157,1,1000,
q1_shortest_path,q1_distanza_2,neo4j,9,0.001857,1,1000,
q1_shortest_path,q1_distanza_2,postgresql,10,0.027639,1,1000,
q1_shortest_path,q1_distanza_2,neo4j,10,0.001277,1,1000,
q1_shortest_path,q1_distanza_3,postgresql,1,0.554814,1,1000,
q1_shortest_path,q1_distanza_3,neo4j,1,0.002107,1,1000,
q1_shortest_path,q1_distanza_3,postgresql,2,0.546814,1,1000,
q1_shortest_path,q1_distanza_3,neo4j,2,0.001678,1,1000,
q1_shortest_path,q1_distanza_3,postgresql,3,0.550828,1,1000,
q1_shortest_path,q1_distanza_3,neo4j,3,0.002590,1,1000,
q1_shortest_path,q1_distanza_3,postgresql,4,0.551187,1,1000,
q1_shortest_path,q1_distanza_3,neo4j,4,0.001540,1,1000,
q1_shortest_path,q1_distanza_3,postgresql,5,0.545007,1,1000,
q1_shortest_path,q1_distanza_3,neo4j,5,0.002594,1,1000,
q1_shortest_path,q1_distanza_3,postgresql,6,0.556593,1,1000,
q1_shortest_path,q1_distanza_3,neo4j,6,0.001553,1,1000,
q1_shortest_path,q1_distanza_3,postgresql,7,0.543064,1,1000,
q1_shortest_path,q1_distanza_3,neo4j,7,0.002734,1,1000,
q1_shortest_path,q1_distanza_3,postgresql,8,0.552726,1,1000,
q1_shortest_path,q1_distanza_3,neo4j,8,0.001722,1,1000,
q1_shortest_path,q1_distanza_3,postgresql,9,0.555663,1,1000,
q1_shortest_path,q1_distanza_3,neo4j,9,0.002622,1,1000,
q1_shortest_path,q1_distanza_3,postgresql,10,0.556725,1,1000,
q1_shortest_path,q1_distanza_3,neo4j,10,0.001558,1,1000,
q1_shortest_path,q1_distanza_4,postgresql,1,1.842114,1,1000,
q1_shortest_path,q1_distanza_4,neo4j,1,0.002389,1,1000,
q1_shortest_path,q1_distanza_4,postgresql,2,1.851731,1,1000,
q1_shortest_path,q1_distanza_4,neo4j,2,0.001566,1,1000,
q1_shortest_path,q1_distanza_4,postgresql,3,1.854038,1,1000,
q1_shortest_path,q1_distanza_4,neo4j,3,0.001816,1,1000,
q1_shortest_path,q1_distanza_4,postgresql,4,1.850361,1,1000,
q1_shortest_path,q1_distanza_4,neo4j,4,0.001033,1,1000,
q1_shortest_path,q1_distanza_4,postgresql,5,1.846812,1,1000,
q1_shortest_path,q1_distanza_4,neo4j,5,0.002366,1,1000,
q1_shortest_path,q1_distanza_4,postgresql,6,1.830918,1,1000,
q1_shortest_path,q1_distanza_4,neo4j,6,0.001675,1,1000,
q1_shortest_path,q1_distanza_4,postgresql,7,1.849576,1,1000,
q1_shortest_path,q1_distanza_4,neo4j,7,0.002165,1,1000,
q1_shortest_path,q1_distanza_4,postgresql,8,1.843521,1,1000,
q1_shortest_path,q1_distanza_4,neo4j,8,0.001059,1,1000,
q1_shortest_path,q1_distanza_4,postgresql,9,1.869779,1,1000,
q1_shortest_path,q1_distanza_4,neo4j,9,0.002378,1,1000,
q1_shortest_path,q1_distanza_4,postgresql,10,1.868368,1,1000,
q1_shortest_path,q1_distanza_4,neo4j,10,0.001410,1,1000,
q2_most_connected,q2_most_connected,postgresql,1,2.604334,10,1000,
q2_most_connected,q2_most_connected,neo4j,1,0.694426,10,1000,
q2_most_connected,q2_most_connected,postgresql,2,2.578877,10,1000,
q2_most_connected,q2_most_connected,neo4j,2,0.714874,10,1000,
q2_most_connected,q2_most_connected,postgresql,3,2.604447,10,1000,
q2_most_connected,q2_most_connected,neo4j,3,0.715014,10,1000,
q2_most_connected,q2_most_connected,postgresql,4,2.584225,10,1000,
q2_most_connected,q2_most_connected,neo4j,4,0.697048,10,1000,
q2_most_connected,q2_most_connected,postgresql,5,2.569508,10,1000,
q2_most_connected,q2_most_connected,neo4j,5,0.681120,10,1000,
q2_most_connected,q2_most_connected,postgresql,6,2.604777,10,1000,
q2_most_connected,q2_most_connected,neo4j,6,0.686986,10,1000,
q2_most_connected,q2_most_connected,postgresql,7,2.725719,10,1000,
q2_most_connected,q2_most_connected,neo4j,7,0.749127,10,1000,
q2_most_connected,q2_most_connected,postgresql,8,2.903514,10,1000,
q2_most_connected,q2_most_connected,neo4j,8,0.725034,10,1000,
q2_most_connected,q2_most_connected,postgresql,9,2.720078,10,1000,
q2_most_connected,q2_most_connected,neo4j,9,0.900630,10,1000,
q2_most_connected,q2_most_connected,postgresql,10,2.627472,10,1000,
q2_most_connected,q2_most_connected,neo4j,10,0.739242,10,1000,
q3_genre_by_decade,q3_genre_by_decade,postgresql,1,0.010436,10,1000,
q3_genre_by_decade,q3_genre_by_decade,neo4j,1,0.023998,10,1000,
q3_genre_by_decade,q3_genre_by_decade,postgresql,2,0.010663,10,1000,
q3_genre_by_decade,q3_genre_by_decade,neo4j,2,0.022818,10,1000,
q3_genre_by_decade,q3_genre_by_decade,postgresql,3,0.009907,10,1000,
q3_genre_by_decade,q3_genre_by_decade,neo4j,3,0.022500,10,1000,
q3_genre_by_decade,q3_genre_by_decade,postgresql,4,0.010710,10,1000,
q3_genre_by_decade,q3_genre_by_decade,neo4j,4,0.021411,10,1000,
q3_genre_by_decade,q3_genre_by_decade,postgresql,5,0.009992,10,1000,
q3_genre_by_decade,q3_genre_by_decade,neo4j,5,0.022100,10,1000,
q3_genre_by_decade,q3_genre_by_decade,postgresql,6,0.010598,10,1000,
q3_genre_by_decade,q3_genre_by_decade,neo4j,6,0.023254,10,1000,
q3_genre_by_decade,q3_genre_by_decade,postgresql,7,0.009928,10,1000,
q3_genre_by_decade,q3_genre_by_decade,neo4j,7,0.019093,10,1000,
q3_genre_by_decade,q3_genre_by_decade,postgresql,8,0.010496,10,1000,
q3_genre_by_decade,q3_genre_by_decade,neo4j,8,0.022515,10,1000,
q3_genre_by_decade,q3_genre_by_decade,postgresql,9,0.009960,10,1000,
q3_genre_by_decade,q3_genre_by_decade,neo4j,9,0.023181,10,1000,
q3_genre_by_decade,q3_genre_by_decade,postgresql,10,0.010525,10,1000,
q3_genre_by_decade,q3_genre_by_decade,neo4j,10,0.021873,10,1000,
q4_recommendations,q4_recommendations,postgresql,1,0.001795,10,1000,
q4_recommendations,q4_recommendations,neo4j,1,0.002047,10,1000,
q4_recommendations,q4_recommendations,postgresql,2,0.001800,10,1000,
q4_recommendations,q4_recommendations,neo4j,2,0.002018,10,1000,
q4_recommendations,q4_recommendations,postgresql,3,0.001669,10,1000,
q4_recommendations,q4_recommendations,neo4j,3,0.001634,10,1000,
q4_recommendations,q4_recommendations,postgresql,4,0.001884,10,1000,
q4_recommendations,q4_recommendations,neo4j,4,0.001395,10,1000,
q4_recommendations,q4_recommendations,postgresql,5,0.001679,10,1000,
q4_recommendations,q4_recommendations,neo4j,5,0.001329,10,1000,
q4_recommendations,q4_recommendations,postgresql,6,0.001758,10,1000,
q4_recommendations,q4_recommendations,neo4j,6,0.001677,10,1000,
q4_recommendations,q4_recommendations,postgresql,7,0.001623,10,1000,
q4_recommendations,q4_recommendations,neo4j,7,0.001864,10,1000,
q4_recommendations,q4_recommendations,postgresql,8,0.001740,10,1000,
q4_recommendations,q4_recommendations,neo4j,8,0.001678,10,1000,
q4_recommendations,q4_recommendations,postgresql,9,0.013780,10,1000,
q4_recommendations,q4_recommendations,neo4j,9,0.008766,10,1000,
q4_recommendations,q4_recommendations,postgresql,10,0.002851,10,1000,
q4_recommendations,q4_recommendations,neo4j,10,0.004766,10,1000,
q1_shortest_path,q1_distanza_1,postgresql,1,0.010374,1,100,
q1_shortest_path,q1_distanza_1,neo4j,1,0.001242,1,100,
q1_shortest_path,q1_distanza_1,postgresql,2,0.010032,1,100,
q1_shortest_path,q1_distanza_1,neo4j,2,0.000887,1,100,
q1_shortest_path,q1_distanza_1,postgresql,3,0.009073,1,100,
q1_shortest_path,q1_distanza_1,neo4j,3,0.001011,1,100,
q1_shortest_path,q1_distanza_1,postgresql,4,0.008450,1,100,
q1_shortest_path,q1_distanza_1,neo4j,4,0.000594,1,100,
q1_shortest_path,q1_distanza_1,postgresql,5,0.008083,1,100,
q1_shortest_path,q1_distanza_1,neo4j,5,0.000891,1,100,
q1_shortest_path,q1_distanza_1,postgresql,6,0.008610,1,100,
q1_shortest_path,q1_distanza_1,neo4j,6,0.000780,1,100,
q1_shortest_path,q1_distanza_1,postgresql,7,0.008196,1,100,
q1_shortest_path,q1_distanza_1,neo4j,7,0.000999,1,100,
q1_shortest_path,q1_distanza_1,postgresql,8,0.008250,1,100,
q1_shortest_path,q1_distanza_1,neo4j,8,0.000604,1,100,
q1_shortest_path,q1_distanza_1,postgresql,9,0.007960,1,100,
q1_shortest_path,q1_distanza_1,neo4j,9,0.001423,1,100,
q1_shortest_path,q1_distanza_1,postgresql,10,0.008519,1,100,
q1_shortest_path,q1_distanza_1,neo4j,10,0.000680,1,100,
q1_shortest_path,q1_distanza_2,postgresql,1,0.037998,1,100,
q1_shortest_path,q1_distanza_2,neo4j,1,0.001853,1,100,
q1_shortest_path,q1_distanza_2,postgresql,2,0.037021,1,100,
q1_shortest_path,q1_distanza_2,neo4j,2,0.001478,1,100,
q1_shortest_path,q1_distanza_2,postgresql,3,0.036074,1,100,
q1_shortest_path,q1_distanza_2,neo4j,3,0.001905,1,100,
q1_shortest_path,q1_distanza_2,postgresql,4,0.036725,1,100,
q1_shortest_path,q1_distanza_2,neo4j,4,0.001494,1,100,
q1_shortest_path,q1_distanza_2,postgresql,5,0.036865,1,100,
q1_shortest_path,q1_distanza_2,neo4j,5,0.001888,1,100,
q1_shortest_path,q1_distanza_2,postgresql,6,0.038731,1,100,
q1_shortest_path,q1_distanza_2,neo4j,6,0.001424,1,100,
q1_shortest_path,q1_distanza_2,postgresql,7,0.036920,1,100,
q1_shortest_path,q1_distanza_2,neo4j,7,0.002144,1,100,
q1_shortest_path,q1_distanza_2,postgresql,8,0.037690,1,100,
q1_shortest_path,q1_distanza_2,neo4j,8,0.000868,1,100,
q1_shortest_path,q1_distanza_2,postgresql,9,0.036201,1,100,
q1_shortest_path,q1_distanza_2,neo4j,9,0.002617,1,100,
q1_shortest_path,q1_distanza_2,postgresql,10,0.039354,1,100,
q1_shortest_path,q1_distanza_2,neo4j,10,0.000822,1,100,
q1_shortest_path,q1_distanza_3,postgresql,1,1.023321,1,100,
q1_shortest_path,q1_distanza_3,neo4j,1,0.002356,1,100,
q1_shortest_path,q1_distanza_3,postgresql,2,0.997491,1,100,
q1_shortest_path,q1_distanza_3,neo4j,2,0.001505,1,100,
q1_shortest_path,q1_distanza_3,postgresql,3,1.000982,1,100,
q1_shortest_path,q1_distanza_3,neo4j,3,0.002289,1,100,
q1_shortest_path,q1_distanza_3,postgresql,4,0.998929,1,100,
q1_shortest_path,q1_distanza_3,neo4j,4,0.001109,1,100,
q1_shortest_path,q1_distanza_3,postgresql,5,1.004809,1,100,
q1_shortest_path,q1_distanza_3,neo4j,5,0.002125,1,100,
q1_shortest_path,q1_distanza_3,postgresql,6,1.010064,1,100,
q1_shortest_path,q1_distanza_3,neo4j,6,0.001471,1,100,
q1_shortest_path,q1_distanza_3,postgresql,7,1.018035,1,100,
q1_shortest_path,q1_distanza_3,neo4j,7,0.002460,1,100,
q1_shortest_path,q1_distanza_3,postgresql,8,1.014508,1,100,
q1_shortest_path,q1_distanza_3,neo4j,8,0.001150,1,100,
q1_shortest_path,q1_distanza_3,postgresql,9,1.032929,1,100,
q1_shortest_path,q1_distanza_3,neo4j,9,0.002674,1,100,
q1_shortest_path,q1_distanza_3,postgresql,10,1.014248,1,100,
q1_shortest_path,q1_distanza_3,neo4j,10,0.000968,1,100,
q1_shortest_path,q1_distanza_4,postgresql,1,4.449816,1,100,
q1_shortest_path,q1_distanza_4,neo4j,1,0.002386,1,100,
q1_shortest_path,q1_distanza_4,postgresql,2,4.491586,1,100,
q1_shortest_path,q1_distanza_4,neo4j,2,0.001492,1,100,
q1_shortest_path,q1_distanza_4,postgresql,3,4.490424,1,100,
q1_shortest_path,q1_distanza_4,neo4j,3,0.002300,1,100,
q1_shortest_path,q1_distanza_4,postgresql,4,4.493842,1,100,
q1_shortest_path,q1_distanza_4,neo4j,4,0.001474,1,100,
q1_shortest_path,q1_distanza_4,postgresql,5,4.486929,1,100,
q1_shortest_path,q1_distanza_4,neo4j,5,0.002384,1,100,
q1_shortest_path,q1_distanza_4,postgresql,6,4.502931,1,100,
q1_shortest_path,q1_distanza_4,neo4j,6,0.001258,1,100,
q1_shortest_path,q1_distanza_4,postgresql,7,4.505560,1,100,
q1_shortest_path,q1_distanza_4,neo4j,7,0.002434,1,100,
q1_shortest_path,q1_distanza_4,postgresql,8,4.439106,1,100,
q1_shortest_path,q1_distanza_4,neo4j,8,0.001528,1,100,
q1_shortest_path,q1_distanza_4,postgresql,9,4.523762,1,100,
q1_shortest_path,q1_distanza_4,neo4j,9,0.003042,1,100,
q1_shortest_path,q1_distanza_4,postgresql,10,4.468844,1,100,
q1_shortest_path,q1_distanza_4,neo4j,10,0.001572,1,100,
q2_most_connected,q2_most_connected,postgresql,1,7.290046,10,100,
q2_most_connected,q2_most_connected,neo4j,1,2.049540,10,100,
q2_most_connected,q2_most_connected,postgresql,2,7.393555,10,100,
q2_most_connected,q2_most_connected,neo4j,2,2.085493,10,100,
q2_most_connected,q2_most_connected,postgresql,3,7.231288,10,100,
q2_most_connected,q2_most_connected,neo4j,3,2.042691,10,100,
q2_most_connected,q2_most_connected,postgresql,4,7.177529,10,100,
q2_most_connected,q2_most_connected,neo4j,4,1.989592,10,100,
q2_most_connected,q2_most_connected,postgresql,5,7.452289,10,100,
q2_most_connected,q2_most_connected,neo4j,5,2.053127,10,100,
q2_most_connected,q2_most_connected,postgresql,6,7.373714,10,100,
q2_most_connected,q2_most_connected,neo4j,6,2.012276,10,100,
q2_most_connected,q2_most_connected,postgresql,7,7.472830,10,100,
q2_most_connected,q2_most_connected,neo4j,7,2.080889,10,100,
q2_most_connected,q2_most_connected,postgresql,8,7.442690,10,100,
q2_most_connected,q2_most_connected,neo4j,8,1.996182,10,100,
q2_most_connected,q2_most_connected,postgresql,9,7.229743,10,100,
q2_most_connected,q2_most_connected,neo4j,9,2.092085,10,100,
q2_most_connected,q2_most_connected,postgresql,10,7.255755,10,100,
q2_most_connected,q2_most_connected,neo4j,10,1.986875,10,100,
q3_genre_by_decade,q3_genre_by_decade,postgresql,1,0.024946,10,100,
q3_genre_by_decade,q3_genre_by_decade,neo4j,1,0.057789,10,100,
q3_genre_by_decade,q3_genre_by_decade,postgresql,2,0.022743,10,100,
q3_genre_by_decade,q3_genre_by_decade,neo4j,2,0.057455,10,100,
q3_genre_by_decade,q3_genre_by_decade,postgresql,3,0.023334,10,100,
q3_genre_by_decade,q3_genre_by_decade,neo4j,3,0.057738,10,100,
q3_genre_by_decade,q3_genre_by_decade,postgresql,4,0.022992,10,100,
q3_genre_by_decade,q3_genre_by_decade,neo4j,4,0.057431,10,100,
q3_genre_by_decade,q3_genre_by_decade,postgresql,5,0.021771,10,100,
q3_genre_by_decade,q3_genre_by_decade,neo4j,5,0.058286,10,100,
q3_genre_by_decade,q3_genre_by_decade,postgresql,6,0.023886,10,100,
q3_genre_by_decade,q3_genre_by_decade,neo4j,6,0.058994,10,100,
q3_genre_by_decade,q3_genre_by_decade,postgresql,7,0.023029,10,100,
q3_genre_by_decade,q3_genre_by_decade,neo4j,7,0.062506,10,100,
q3_genre_by_decade,q3_genre_by_decade,postgresql,8,0.023297,10,100,
q3_genre_by_decade,q3_genre_by_decade,neo4j,8,0.059377,10,100,
q3_genre_by_decade,q3_genre_by_decade,postgresql,9,0.023333,10,100,
q3_genre_by_decade,q3_genre_by_decade,neo4j,9,0.059395,10,100,
q3_genre_by_decade,q3_genre_by_decade,postgresql,10,0.024161,10,100,
q3_genre_by_decade,q3_genre_by_decade,neo4j,10,0.061156,10,100,
q4_recommendations,q4_recommendations,postgresql,1,0.002142,10,100,
q4_recommendations,q4_recommendations,neo4j,1,0.001780,10,100,
q4_recommendations,q4_recommendations,postgresql,2,0.002104,10,100,
q4_recommendations,q4_recommendations,neo4j,2,0.001822,10,100,
q4_recommendations,q4_recommendations,postgresql,3,0.001938,10,100,
q4_recommendations,q4_recommendations,neo4j,3,0.001598,10,100,
q4_recommendations,q4_recommendations,postgresql,4,0.002446,10,100,
q4_recommendations,q4_recommendations,neo4j,4,0.001434,10,100,
q4_recommendations,q4_recommendations,postgresql,5,0.002144,10,100,
q4_recommendations,q4_recommendations,neo4j,5,0.001973,10,100,
q4_recommendations,q4_recommendations,postgresql,6,0.002602,10,100,
q4_recommendations,q4_recommendations,neo4j,6,0.001581,10,100,
q4_recommendations,q4_recommendations,postgresql,7,0.002003,10,100,
q4_recommendations,q4_recommendations,neo4j,7,0.001673,10,100,
q4_recommendations,q4_recommendations,postgresql,8,0.002355,10,100,
q4_recommendations,q4_recommendations,neo4j,8,0.001226,10,100,
q4_recommendations,q4_recommendations,postgresql,9,0.002068,10,100,
q4_recommendations,q4_recommendations,neo4j,9,0.001640,10,100,
q4_recommendations,q4_recommendations,postgresql,10,0.001988,10,100,
q4_recommendations,q4_recommendations,neo4j,10,0.001219,10,100,
